ticker,ok,coverage,max_gap_days,dup_dates,bad_px,bad_vol,repairable,first,last,why
ADBE,True,0.9994,5,0,0,0,False,2011-01-03,2023-12-20,
V,True,0.9994,5,0,0,0,False,2011-01-03,2023-12-20,
CRM,True,0.9994,5,0,0,0,False,2011-01-03,2023-12-20,
COST,True,0.9994,5,0,0,0,False,2011-01-03,2023-12-20,
QCOM,True,0.9994,5,0,0,0,False,2011-01-03,2023-12-20,
TSM,True,0.9994,5,0,0,0,False,2011-01-03,2023-12-20,
MU,True,0.9994,5,0,0,0,False,2011-01-03,2023-12-20,
PEP,True,0.9994,5,0,0,0,False,2011-01-03,2023-12-20,
TXN,True,0.9994,5,0,0,0,False,2011-01-03,2023-12-20,
KO,True,0.9994,5,0,0,0,False,2011-01-03,2023-12-20,
MRK,True,0.9994,5,0,0,0,False,2011-01-03,2023-12-20,
ORCL,True,0.9994,5,0,0,0,False,2011-01-03,2023-12-20,
NKE,True,0.9994,5,0,0,0,False,2011-01-03,2023-12-20,
CMCSA,True,0.9994,5,0,0,0,False,2011-01-03,2023-12-20,
C,True,0.9994,5,0,0,0,False,2011-01-03,2023-12-20,
WFC,True,0.9994,5,0,0,0,False,2011-01-03,2023-12-20,
AMAT,True,0.9997,5,0,1,1,True,2011-01-03,2023-12-20,
CAT,True,0.9994,5,0,0,0,False,2011-01-03,2023-12-20,
TMUS,True,0.9994,5,0,0,0,False,2011-01-03,2023-12-20,
ASML,True,0.9994,5,0,0,0,False,2011-01-03,2023-12-20,
DHR,True,0.9994,5,0,0,0,False,2011-01-03,2023-12-20,
OXY,True,0.9994,5,0,0,0,False,2011-01-03,2023-12-20,
ACN,True,0.9994,5,0,0,0,False,2011-01-03,2023-12-20,
NEE,True,0.9994,5,0,0,0,False,2011-01-03,2023-12-20,
ADI,True,0.9994,5,0,0,0,False,2011-01-03,2023-12-20,
MS,True,0.9997,4,0,1,1,True,2011-01-03,2023-12-20,
COP,True,0.9994,5,0,0,0,False,2011-01-03,2023-12-20,
AMGN,True,0.9994,5,0,0,0,False,2011-01-03,2023-12-20,
DE,True,0.9994,5,0,0,0,False,2011-01-03,2023-12-20,
GE,True,0.9994,5,0,0,0,False,2011-01-03,2023-12-20,
UNP,True,0.9994,5,0,0,0,False,2011-01-03,2023-12-20,
ABT,True,0.9994,5,0,0,0,False,2011-01-03,2023-12-20,
UPS,True,0.9994,5,0,0,0,False,2011-01-03,2023-12-20,
MRVL,True,0.9994,5,0,0,0,False,2011-01-03,2023-12-20,
HUM,True,0.9994,5,0,0,0,False,2011-01-03,2023-12-20,
ON,True,0.9994,5,0,0,0,False,2011-01-03,2023-12-20,
VLO,True,0.9994,5,0,0,0,False,2011-01-03,2023-12-20,
CMG,True,0.9994,5,0,0,0,False,2011-01-03,2023-12-20,
GILD,True,0.9994,5,0,0,0,False,2011-01-03,2023-12-20,
PXD,True,0.9994,5,0,0,0,False,2011-01-03,2023-12-20,
DVN,True,0.9994,5,0,0,0,False,2011-01-03,2023-12-20,
CI,True,0.9994,5,0,0,0,False,2011-01-03,2023-12-20,
USB,True,0.9994,5,0,0,0,False,2011-01-03,2023-12-20,
FDX,True,0.9994,5,0,0,0,False,2011-01-03,2023-12-20,
TJX,True,0.9994,5,0,0,0,False,2011-01-03,2023-12-20,
AMT,True,0.9994,5,0,0,0,False,2011-01-03,2023-12-20,
CHTR,True,0.9994,5,0,0,0,False,2011-01-03,2023-12-20,
CSX,True,0.9994,5,0,0,0,False,2011-01-03,2023-12-20,
ALB,True,0.9994,5,0,0,0,False,2011-01-03,2023-12-20,
AAL,True,0.9994,5,0,0,0,False,2011-01-03,2023-12-20,
BSX,True,0.9994,5,0,0,0,False,2011-01-03,2023-12-20,
EOG,True,0.9994,5,0,0,0,False,2011-01-03,2023-12-20,
VRTX,True,0.9994,5,0,0,0,False,2011-01-03,2023-12-20,
NEM,True,0.9994,5,0,1,1,True,2011-01-03,2023-12-20,
ETN,True,0.9994,5,0,0,0,False,2011-01-03,2023-12-20,
FSLR,True,0.9994,5,0,0,0,False,2011-01-03,2023-12-20,
PLD,True,0.9994,5,0,0,0,False,2011-01-03,2023-12-20,
ORLY,True,0.9994,5,0,0,0,False,2011-01-03,2023-12-20,
BX,True,0.9994,5,0,0,0,False,2011-01-03,2023-12-20,
EL,True,0.9994,5,0,0,0,False,2011-01-03,2023-12-20,
NOC,True,0.9994,5,0,0,0,False,2011-01-03,2023-12-20,
DAL,True,0.9994,5,0,0,0,False,2011-01-03,2023-12-20,
SYK,True,0.9994,5,0,0,0,False,2011-01-03,2023-12-20,
CDNS,True,0.9994,5,0,0,0,False,2011-01-03,2023-12-20,
PGR,True,0.9994,5,0,0,0,False,2011-01-03,2023-12-20,
DXCM,True,0.9994,5,0,0,0,False,2011-01-03,2023-12-20,
FI,True,0.9994,5,0,0,0,False,2011-01-03,2023-12-20,
CL,True,0.9994,5,0,0,0,False,2011-01-03,2023-12-20,
URI,True,0.9994,5,0,0,0,False,2011-01-03,2023-12-20,
BIDU,True,0.9994,5,0,0,0,False,2011-01-03,2023-12-20,
FTNT,True,0.9994,5,0,0,0,False,2011-01-03,2023-12-20,
ULTA,True,0.9994,5,0,0,0,False,2011-01-03,2023-12-20,
DHI,True,0.9994,5,0,0,0,False,2011-01-03,2023-12-20,
VALE,True,0.9994,5,0,0,0,False,2011-01-03,2023-12-20,
CCI,True,0.9994,5,0,0,0,False,2011-01-03,2023-12-20,
CME,True,0.9994,5,0,0,0,False,2011-01-03,2023-12-20,
HAL,True,0.9994,5,0,1,1,True,2011-01-03,2023-12-20,
DUK,True,0.9994,5,0,0,0,False,2011-01-03,2023-12-20,
FIS,True,0.9994,5,0,0,0,False,2011-01-03,2023-12-20,
GOLD,True,0.9994,5,0,0,0,False,2011-01-03,2023-12-20,
DLTR,True,0.9994,5,0,0,0,False,2011-01-03,2023-12-20,
ADSK,True,0.9994,5,0,0,0,False,2011-01-03,2023-12-20,
NSC,True,0.9994,5,0,0,0,False,2011-01-03,2023-12-20,
GIS,True,0.9994,5,0,0,0,False,2011-01-03,2023-12-20,
PH,True,0.9994,5,0,0,0,False,2011-01-03,2023-12-20,
COF,True,0.9994,5,0,0,0,False,2011-01-03,2023-12-20,
EW,True,0.9994,5,0,0,0,False,2011-01-03,2023-12-20,
EMR,True,0.9994,5,0,0,0,False,2011-01-03,2023-12-20,
TSCO,True,0.9994,5,0,0,0,False,2011-01-03,2023-12-20,
AEP,True,0.9994,5,0,0,0,False,2011-01-03,2023-12-20,
ODFL,True,0.9994,5,0,1,1,True,2011-01-03,2023-12-20,
BIIB,True,0.9994,5,0,0,0,False,2011-01-03,2023-12-20,
PBR,True,0.9994,5,0,0,0,False,2011-01-03,2023-12-20,
HES,True,0.9994,5,0,0,0,False,2011-01-03,2023-12-20,
NVO,True,0.9994,5,0,0,0,False,2011-01-03,2023-12-20,
APD,True,0.9994,5,0,0,0,False,2011-01-03,2023-12-20,
PCG,True,0.9994,5,0,0,0,False,2011-01-03,2023-12-20,
EA,True,0.9994,5,0,0,0,False,2011-01-03,2023-12-20,
EXPE,True,0.9994,5,0,0,0,False,2011-01-03,2023-12-20,
AON,True,0.9994,5,0,0,0,False,2011-01-03,2023-12-20,
MPWR,True,0.9994,5,0,0,0,False,2011-01-03,2023-12-20,
EXC,True,0.9994,5,0,0,0,False,2011-01-03,2023-12-20,
MNST,True,0.9994,5,0,0,0,False,2011-01-03,2023-12-20,
ROST,True,0.9994,5,0,0,0,False,2011-01-03,2023-12-20,
MSTR,True,0.9994,5,0,0,0,False,2011-01-03,2023-12-20,
WBA,True,0.9994,5,0,0,0,False,2011-01-03,2023-12-20,
PSA,True,0.9994,5,0,0,0,False,2011-01-03,2023-12-20,
D,True,0.9994,5,0,0,0,False,2011-01-03,2023-12-20,
ALGN,True,0.9994,5,0,0,0,False,2011-01-03,2023-12-20,
NUE,True,0.9994,5,0,0,0,False,2011-01-03,2023-12-20,
LNG,True,0.9994,5,0,0,0,False,2011-01-03,2023-12-20,
LEN,True,0.9994,5,0,0,0,False,2011-01-03,2023-12-20,
TRV,True,0.9994,5,0,0,0,False,2011-01-03,2023-12-20,
CTSH,True,0.9994,5,0,0,0,False,2011-01-03,2023-12-20,
EQT,True,0.9994,5,0,0,0,False,2011-01-03,2023-12-20,
COR,True,0.9994,5,0,0,0,False,2011-01-03,2023-12-20,
ADM,True,0.9994,5,0,0,0,False,2011-01-03,2023-12-20,
A,True,0.9994,5,0,0,0,False,2011-01-03,2023-12-20,
XEL,True,0.9994,5,0,0,0,False,2011-01-03,2023-12-20,
ROK,True,0.9994,5,0,0,0,False,2011-01-03,2023-12-20,
KMB,True,0.9994,5,0,0,0,False,2011-01-03,2023-12-20,
DFS,True,0.9994,5,0,0,0,False,2011-01-03,2023-12-20,
DPZ,True,0.9994,5,0,0,0,False,2011-01-03,2023-12-20,
EBAY,True,0.9994,5,0,0,0,False,2011-01-03,2023-12-20,
AIG,True,0.9994,5,0,0,0,False,2011-01-03,2023-12-20,
ROP,True,0.9994,5,0,0,0,False,2011-01-03,2023-12-20,
DD,True,0.9994,5,0,0,0,False,2011-01-03,2023-12-20,
PAYX,True,0.9994,5,0,0,0,False,2011-01-03,2023-12-20,
BK,True,0.9994,5,0,0,0,False,2011-01-03,2023-12-20,
VRSK,True,0.9994,5,0,0,0,False,2011-01-03,2023-12-20,
MSCI,True,0.9994,5,0,0,0,False,2011-01-03,2023-12-20,
CMI,True,0.9994,5,0,0,0,False,2011-01-03,2023-12-20,
PLUG,True,0.9994,5,0,0,0,False,2011-01-03,2023-12-20,
APH,True,0.9994,5,0,0,0,False,2011-01-03,2023-12-20,
ALL,True,0.9994,5,0,0,0,False,2011-01-03,2023-12-20,
BAX,True,0.9994,5,0,0,0,False,2011-01-03,2023-12-20,
KEY,True,0.9994,5,0,0,0,False,2011-01-03,2023-12-20,
MSI,True,0.9994,5,0,0,0,False,2011-01-03,2023-12-20,
GPN,True,0.9994,5,0,0,0,False,2011-01-03,2023-12-20,
BLDR,True,0.9994,5,0,0,0,False,2011-01-03,2023-12-20,
CF,True,0.9994,5,0,0,0,False,2011-01-03,2023-12-20,
GWW,True,0.9994,5,0,0,0,False,2011-01-03,2023-12-20,
APA,True,0.9994,5,0,0,0,False,2011-01-03,2023-12-20,
HPQ,True,0.9994,5,0,0,0,False,2011-01-03,2023-12-20,
TTWO,True,0.9994,5,0,0,0,False,2011-01-03,2023-12-20,
CAH,True,0.9994,5,0,1,1,True,2011-01-03,2023-12-20,
DECK,True,0.9994,5,0,0,0,False,2011-01-03,2023-12-20,
OKE,True,0.9994,5,0,0,0,False,2011-01-03,2023-12-20,
SWKS,True,0.9994,5,0,0,0,False,2011-01-03,2023-12-20,
DRI,True,0.9994,5,0,0,0,False,2011-01-03,2023-12-20,
AA,True,0.9994,5,0,0,0,False,2011-01-03,2023-12-20,
CLX,True,0.9994,5,0,0,0,False,2011-01-03,2023-12-20,
ECL,True,0.9994,5,0,0,0,False,2011-01-03,2023-12-20,
PHM,True,0.9994,5,0,0,0,False,2011-01-03,2023-12-20,
ZBH,True,0.9994,5,0,0,0,False,2011-01-03,2023-12-20,
MTCH,True,0.9994,5,0,0,0,False,2011-01-03,2023-12-20,
PODD,True,0.9994,5,0,0,0,False,2011-01-03,2023-12-20,
SYY,True,0.9994,5,0,0,0,False,2011-01-03,2023-12-20,
FAST,True,0.9994,5,0,0,0,False,2011-01-03,2023-12-20,
ED,True,0.9994,5,0,0,0,False,2011-01-03,2023-12-20,
X,True,0.9994,5,0,0,0,False,2011-01-03,2023-12-20,
BBY,True,0.9994,5,0,0,0,False,2011-01-03,2023-12-20,
HBAN,True,0.9994,5,0,0,0,False,2011-01-03,2023-12-20,
KKR,True,0.9994,5,0,0,0,False,2011-01-03,2023-12-20,
RSG,True,0.9994,5,0,0,0,False,2011-01-03,2023-12-20,
BHP,True,0.9994,5,0,0,0,False,2011-01-03,2023-12-20,
CLF,True,0.9994,5,0,1,1,True,2011-01-03,2023-12-20,
AFL,True,0.9994,5,0,0,0,False,2011-01-03,2023-12-20,
EXR,True,0.9994,5,0,0,0,False,2011-01-03,2023-12-20,
DKS,True,0.9994,5,0,0,0,False,2011-01-03,2023-12-20,
EFX,True,0.9994,5,0,0,0,False,2011-01-03,2023-12-20,
PRU,True,0.9994,5,0,0,0,False,2011-01-03,2023-12-20,
CPRT,True,0.9994,5,0,0,0,False,2011-01-03,2023-12-20,
NVS,True,0.9994,5,0,0,0,False,2011-01-03,2023-12-20,
FITB,True,0.9994,5,0,0,0,False,2011-01-03,2023-12-20,
RMD,True,0.9994,5,0,0,0,False,2011-01-03,2023-12-20,
TER,True,0.9994,5,0,0,0,False,2011-01-03,2023-12-20,
CELH,True,0.9994,5,0,0,0,False,2011-01-03,2023-12-20,
MOS,True,0.9994,5,0,1,1,True,2011-01-03,2023-12-20,
MTD,True,0.9994,5,0,0,0,False,2011-01-03,2023-12-20,
CP,True,0.9994,5,0,0,0,False,2011-01-03,2023-12-20,
MTB,True,0.9994,5,0,0,0,False,2011-01-03,2023-12-20,
TCOM,True,0.9994,5,0,0,0,False,2011-01-03,2023-12-20,
VMC,True,0.9994,5,0,0,0,False,2011-01-03,2023-12-20,
TROW,True,0.9994,5,0,0,0,False,2011-01-03,2023-12-20,
WDC,True,0.9994,5,0,0,0,False,2011-01-03,2023-12-20,
FICO,True,0.9994,5,0,0,0,False,2011-01-03,2023-12-20,
TSN,True,0.9994,5,0,0,0,False,2011-01-03,2023-12-20,
PEG,True,0.9994,5,0,0,0,False,2011-01-03,2023-12-20,
ENB,True,0.9994,5,0,0,0,False,2011-01-03,2023-12-20,
PWR,True,0.9994,5,0,0,0,False,2011-01-03,2023-12-20,
AME,True,0.9994,5,0,0,0,False,2011-01-03,2023-12-20,
ETR,True,0.9994,5,0,0,0,False,2011-01-03,2023-12-20,
ES,True,0.9994,5,0,0,0,False,2011-01-03,2023-12-20,
VFC,True,0.9994,5,0,0,0,False,2011-01-03,2023-12-20,
SU,True,0.9994,5,0,0,0,False,2011-01-03,2023-12-20,
CSGP,True,0.9994,5,0,0,0,False,2011-01-03,2023-12-20,
CCJ,True,0.9994,5,0,0,0,False,2011-01-03,2023-12-20,
CAG,True,0.9997,4,0,1,1,True,2011-01-03,2023-12-20,
CVE,True,0.9994,5,0,0,0,False,2011-01-03,2023-12-20,
WST,True,0.9994,5,0,0,0,False,2011-01-03,2023-12-20,
NDAQ,True,0.9994,5,0,0,0,False,2011-01-03,2023-12-20,
ACGL,True,0.9994,5,0,0,0,False,2011-01-03,2023-12-20,
GNRC,True,0.9994,5,0,0,0,False,2011-01-03,2023-12-20,
DTE,True,0.9994,5,0,0,0,False,2011-01-03,2023-12-20,
AAP,True,0.9994,5,0,0,0,False,2011-01-03,2023-12-20,
ANSS,True,0.9994,5,0,0,0,False,2011-01-03,2023-12-20,
VGIT,True,0.9994,5,0,0,0,False,2011-01-03,2023-12-20,
CNQ,True,0.9994,5,0,0,0,False,2011-01-03,2023-12-20,
INFY,True,0.9994,5,0,0,0,False,2011-01-03,2023-12-20,
SWK,True,0.9994,5,0,0,0,False,2011-01-03,2023-12-20,
POOL,True,0.9994,5,0,0,0,False,2011-01-03,2023-12-20,
TD,True,0.9994,5,0,0,0,False,2011-01-03,2023-12-20,
NRG,True,0.9994,5,0,0,0,False,2011-01-03,2023-12-20,
AKAM,True,0.9994,5,0,0,0,False,2011-01-03,2023-12-20,
WSM,True,0.9994,5,0,0,0,False,2011-01-03,2023-12-20,
AEM,True,0.9994,5,0,0,0,False,2011-01-03,2023-12-20,
NTAP,True,0.9994,5,0,0,0,False,2011-01-03,2023-12-20,
CNI,True,0.9994,5,0,0,0,False,2011-01-03,2023-12-20,
WAT,True,0.9994,5,0,0,0,False,2011-01-03,2023-12-20,
CE,True,0.9994,5,0,0,0,False,2011-01-03,2023-12-20,
GLW,True,0.9994,5,0,0,0,False,2011-01-03,2023-12-20,
BTI,True,0.9994,5,0,0,0,False,2011-01-03,2023-12-20,
NVR,True,0.9994,5,0,0,0,False,2011-01-03,2023-12-20,
CMS,True,0.9994,5,0,0,0,False,2011-01-03,2023-12-20,
SWN,True,0.9994,5,0,0,0,False,2011-01-03,2023-12-20,
DGX,True,0.9994,5,0,0,0,False,2011-01-03,2023-12-20,
WCN,True,0.9994,5,0,0,0,False,2011-01-03,2023-12-20,
AEE,True,0.9994,5,0,0,0,False,2011-01-03,2023-12-20,
HOLX,True,0.9994,5,0,0,0,False,2011-01-03,2023-12-20,
TRGP,True,0.9994,5,0,0,0,False,2011-01-03,2023-12-20,
ENTG,True,0.9994,5,0,0,0,False,2011-01-03,2023-12-20,
EXAS,True,0.9994,5,0,0,0,False,2011-01-03,2023-12-20,
EIX,True,0.9994,5,0,0,0,False,2011-01-03,2023-12-20,
ARE,True,0.9994,5,0,0,0,False,2011-01-03,2023-12-20,
EQR,True,0.9994,5,0,0,0,False,2011-01-03,2023-12-20,
ALNY,True,0.9994,5,0,0,0,False,2011-01-03,2023-12-20,
AGNC,True,0.9994,5,0,0,0,False,2011-01-03,2023-12-20,
BMRN,True,0.9994,5,0,0,0,False,2011-01-03,2023-12-20,
BG,True,0.9994,5,0,0,0,False,2011-01-03,2023-12-20,
WY,True,0.9994,5,0,0,0,False,2011-01-03,2023-12-20,
TECL,True,0.9994,5,0,0,0,False,2011-01-03,2023-12-20,
FLT,True,0.9994,5,0,0,0,False,2011-01-03,2023-12-20,
CNP,True,0.9994,5,0,0,0,False,2011-01-03,2023-12-20,
VB,True,0.9994,5,0,0,0,False,2011-01-03,2023-12-20,
EPD,True,0.9997,4,0,1,1,True,2011-01-03,2023-12-20,
HIG,True,0.9994,5,0,0,0,False,2011-01-03,2023-12-20,
CPB,True,0.9994,5,0,0,0,False,2011-01-03,2023-12-20,
EZU,True,0.9994,5,0,0,0,False,2011-01-03,2023-12-20,
DOV,True,0.9994,5,0,0,0,False,2011-01-03,2023-12-20,
AES,True,0.9994,5,0,0,0,False,2011-01-03,2023-12-20,
HST,True,0.9994,5,0,0,0,False,2011-01-03,2023-12-20,
GSK,True,0.9994,5,0,0,0,False,2011-01-03,2023-12-20,
BUD,True,0.9994,5,0,0,0,False,2011-01-03,2023-12-20,
NTES,True,0.9994,5,0,0,0,False,2011-01-03,2023-12-20,
FMC,True,0.9994,5,0,0,0,False,2011-01-03,2023-12-20,
INCY,True,0.9994,5,0,0,0,False,2011-01-03,2023-12-20,
ZION,True,0.9994,5,0,0,0,False,2011-01-03,2023-12-20,
VRSN,True,0.9994,5,0,0,0,False,2011-01-03,2023-12-20,
RJF,True,0.9994,5,0,0,0,False,2011-01-03,2023-12-20,
TOL,True,0.9994,5,0,0,0,False,2011-01-03,2023-12-20,
KSS,True,0.9994,5,0,0,0,False,2011-01-03,2023-12-20,
UL,True,0.9994,5,0,0,0,False,2011-01-03,2023-12-20,
FDS,True,0.9994,5,0,0,0,False,2011-01-03,2023-12-20,
NYCB,True,0.9994,5,0,0,0,False,2011-01-03,2023-12-20,
FCNCA,True,0.9994,5,0,0,0,False,2011-01-03,2023-12-20,
CHRW,True,0.9994,5,0,0,0,False,2011-01-03,2023-12-20,
WSO,True,0.9994,5,0,0,0,False,2011-01-03,2023-12-20,
ZBRA,True,0.9994,5,0,0,0,False,2011-01-03,2023-12-20,
RL,True,0.9994,5,0,0,0,False,2011-01-03,2023-12-20,
FHN,True,0.9994,5,0,0,0,False,2011-01-03,2023-12-20,
COO,True,0.9994,5,0,0,0,False,2011-01-03,2023-12-20,
CRL,True,0.9994,5,0,0,0,False,2011-01-03,2023-12-20,
VTR,True,0.9994,5,0,0,0,False,2011-01-03,2023-12-20,
OC,True,0.9994,5,0,0,0,False,2011-01-03,2023-12-20,
WAB,True,0.9994,5,0,0,0,False,2011-01-03,2023-12-20,
RRC,True,0.9994,5,0,0,0,False,2011-01-03,2023-12-20,
MPW,True,0.9994,5,0,0,0,False,2011-01-03,2023-12-20,
ATO,True,0.9994,5,0,0,0,False,2011-01-03,2023-12-20,
HAS,True,0.9994,5,0,0,0,False,2011-01-03,2023-12-20,
WHR,True,0.9994,5,0,0,0,False,2011-01-03,2023-12-20,
NTRS,True,0.9994,5,0,0,0,False,2011-01-03,2023-12-20,
BAH,True,0.9994,5,0,0,0,False,2011-01-03,2023-12-20,
PFG,True,0.9994,5,0,0,0,False,2011-01-03,2023-12-20,
ESS,True,0.9994,5,0,0,0,False,2011-01-03,2023-12-20,
FLEX,True,0.9994,5,0,0,0,False,2011-01-03,2023-12-20,
BWA,True,0.9994,5,0,0,0,False,2011-01-03,2023-12-20,
CAR,True,0.9994,5,0,0,0,False,2011-01-03,2023-12-20,
NLY,True,0.9994,5,0,0,0,False,2011-01-03,2023-12-20,
BXP,True,0.9994,5,0,0,0,False,2011-01-03,2023-12-20,
TYL,True,0.9994,5,0,0,0,False,2011-01-03,2023-12-20,
SUI,True,0.9994,5,0,0,0,False,2011-01-03,2023-12-20,
XPO,True,0.9994,5,0,0,0,False,2011-01-03,2023-12-20,
THC,True,0.9994,5,0,0,0,False,2011-01-03,2023-12-20,
FTI,True,0.9994,5,0,0,0,False,2011-01-03,2023-12-20,
RGEN,True,0.9994,5,0,0,0,False,2011-01-03,2023-12-20,
WAL,True,0.9994,5,0,0,0,False,2011-01-03,2023-12-20,
CSL,True,0.9994,5,0,0,0,False,2011-01-03,2023-12-20,
FL,True,0.9994,5,0,0,0,False,2011-01-03,2023-12-20,
KIM,True,0.9994,5,0,0,0,False,2011-01-03,2023-12-20,
H,True,0.9994,5,0,0,0,False,2011-01-03,2023-12-20,
CPT,True,0.9994,5,0,0,0,False,2011-01-03,2023-12-20,
AVY,True,0.9994,5,0,0,0,False,2011-01-03,2023-12-20,
MTN,True,0.9994,5,0,0,0,False,2011-01-03,2023-12-20,
DAR,True,0.9994,5,0,0,0,False,2011-01-03,2023-12-20,
TBT,True,0.9994,5,0,0,0,False,2011-01-03,2023-12-20,
RS,True,0.9994,5,0,0,0,False,2011-01-03,2023-12-20,
AN,True,0.9994,5,0,0,0,False,2011-01-03,2023-12-20,
HRL,True,0.9994,5,0,0,0,False,2011-01-03,2023-12-20,
TEVA,True,0.9994,5,0,0,0,False,2011-01-03,2023-12-20,
PENN,True,0.9994,5,0,0,0,False,2011-01-03,2023-12-20,
CCK,True,0.9994,5,0,0,0,False,2011-01-03,2023-12-20,
BR,True,0.9994,5,0,0,0,False,2011-01-03,2023-12-20,
TRP,True,0.9994,5,0,0,0,False,2011-01-03,2023-12-20,
EDU,True,0.9994,5,0,0,0,False,2011-01-03,2023-12-20,
BEN,True,0.9994,5,0,0,0,False,2011-01-03,2023-12-20,
ACLS,True,0.9994,5,0,0,0,False,2011-01-03,2023-12-20,
CRH,True,0.9994,5,0,0,0,False,2011-01-03,2023-12-20,
WCC,True,0.9994,5,0,0,0,False,2011-01-03,2023-12-20,
UHS,True,0.9994,5,0,0,0,False,2011-01-03,2023-12-20,
PNR,True,0.9994,5,0,0,0,False,2011-01-03,2023-12-20,
GRMN,True,0.9994,5,0,0,0,False,2011-01-03,2023-12-20,
RBA,True,0.9994,5,0,0,0,False,2011-01-03,2023-12-20,
UTHR,True,0.9994,5,0,0,0,False,2011-01-03,2023-12-20,
AGCO,True,0.9994,5,0,0,0,False,2011-01-03,2023-12-20,
ALV,True,0.9994,5,0,0,0,False,2011-01-03,2023-12-20,
FFIV,True,0.9994,5,0,0,0,False,2011-01-03,2023-12-20,
ALK,True,0.9994,5,0,0,0,False,2011-01-03,2023-12-20,
NOV,True,0.9994,5,0,0,0,False,2011-01-03,2023-12-20,
LEA,True,0.9994,5,0,0,0,False,2011-01-03,2023-12-20,
RY,True,0.9994,5,0,0,0,False,2011-01-03,2023-12-20,
BRO,True,0.9994,5,0,0,0,False,2011-01-03,2023-12-20,
LDOS,True,0.9994,5,0,0,0,False,2011-01-03,2023-12-20,
WPC,True,0.9994,5,0,0,0,False,2011-01-03,2023-12-20,
CUBE,True,0.9994,5,0,0,0,False,2011-01-03,2023-12-20,
EMN,True,0.9994,5,0,0,0,False,2011-01-03,2023-12-20,
PVH,True,0.9994,5,0,0,0,False,2011-01-03,2023-12-20,
TPX,True,0.9994,5,0,0,0,False,2011-01-03,2023-12-20,
DEO,True,0.9994,5,0,0,0,False,2011-01-03,2023-12-20,
XRAY,True,0.9994,5,0,0,0,False,2011-01-03,2023-12-20,
NBIX,True,0.9994,5,0,0,0,False,2011-01-03,2023-12-20,
FNV,True,0.9994,5,0,1,1,True,2011-01-03,2023-12-20,
TECH,True,0.9994,5,0,0,0,False,2011-01-03,2023-12-20,
HSBC,True,0.9994,5,0,0,0,False,2011-01-03,2023-12-20,
OLN,True,0.9994,5,0,0,0,False,2011-01-03,2023-12-20,
CIEN,True,0.9994,5,0,0,0,False,2011-01-03,2023-12-20,
BNS,True,0.9994,5,0,0,0,False,2011-01-03,2023-12-20,
BBD,True,0.9994,5,0,1,1,True,2011-01-03,2023-12-20,
FEZ,True,0.9994,5,0,0,0,False,2011-01-03,2023-12-20,
TGTX,True,0.9994,5,0,0,0,False,2011-01-03,2023-12-20,
HSIC,True,0.9994,5,0,0,0,False,2011-01-03,2023-12-20,
UBS,True,0.9994,5,0,0,0,False,2011-01-03,2023-12-20,
RMBS,True,0.9994,5,0,0,0,False,2011-01-03,2023-12-20,
TS,True,0.9994,5,0,0,0,False,2011-01-03,2023-12-20,
CINF,True,0.9994,5,0,0,0,False,2011-01-03,2023-12-20,
DVA,True,0.9994,5,0,0,0,False,2011-01-03,2023-12-20,
COHR,True,0.9994,5,0,0,0,False,2011-01-03,2023-12-20,
PNW,True,0.9994,5,0,0,0,False,2011-01-03,2023-12-20,
DISH,True,0.9994,5,0,0,0,False,2011-01-03,2023-12-20,
ANF,True,0.9994,5,0,0,0,False,2011-01-03,2023-12-20,
TFX,True,0.9994,5,0,0,0,False,2011-01-03,2023-12-20,
ACM,True,0.9994,5,0,0,0,False,2011-01-03,2023-12-20,
SPR,True,0.9994,5,0,0,0,False,2011-01-03,2023-12-20,
VNO,True,0.9994,5,0,0,0,False,2011-01-03,2023-12-20,
MTZ,True,0.9994,5,0,0,0,False,2011-01-03,2023-12-20,
AEO,True,0.9994,5,0,0,0,False,2011-01-03,2023-12-20,
GME,True,0.9994,5,0,0,0,False,2011-01-03,2023-12-20,
KGC,True,0.9994,5,0,0,0,False,2011-01-03,2023-12-20,
GFI,True,0.9994,5,0,0,0,False,2011-01-03,2023-12-20,
TPL,True,0.9994,5,0,0,0,False,2011-01-03,2023-12-20,
TRMB,True,0.9994,5,0,0,0,False,2011-01-03,2023-12-20,
HTHT,True,0.9994,5,0,0,0,False,2011-01-03,2023-12-20,
ROL,True,0.9994,5,0,0,0,False,2011-01-03,2023-12-20,
BCE,True,0.9994,5,0,0,0,False,2011-01-03,2023-12-20,
EWBC,True,0.9994,5,0,0,0,False,2011-01-03,2023-12-20,
OHI,True,0.9994,5,0,0,0,False,2011-01-03,2023-12-20,
CASY,True,0.9994,5,0,0,0,False,2011-01-03,2023-12-20,
REG,True,0.9994,5,0,0,0,False,2011-01-03,2023-12-20,
DOX,True,0.9994,5,0,0,0,False,2011-01-03,2023-12-20,
FNF,True,0.9994,5,0,0,0,False,2011-01-03,2023-12-20,
PAAS,True,0.9994,5,0,0,0,False,2011-01-03,2023-12-20,
UUP,True,0.9994,5,0,0,0,False,2011-01-03,2023-12-20,
TREX,True,0.9994,5,0,0,0,False,2011-01-03,2023-12-20,
EME,True,0.9994,5,0,0,0,False,2011-01-03,2023-12-20,
HRB,True,0.9994,5,0,0,0,False,2011-01-03,2023-12-20,
FLR,True,0.9994,5,0,0,0,False,2011-01-03,2023-12-20,
HEI,True,0.9994,5,0,0,0,False,2011-01-03,2023-12-20,
ARW,True,0.9994,5,0,0,0,False,2011-01-03,2023-12-20,
GGG,True,0.9994,5,0,0,0,False,2011-01-03,2023-12-20,
PGX,True,0.9994,5,0,0,0,False,2011-01-03,2023-12-20,
BRKR,True,0.9994,5,0,0,0,False,2011-01-03,2023-12-20,
ARCC,True,0.9994,5,0,0,0,False,2011-01-03,2023-12-20,
BYD,True,0.9994,5,0,0,0,False,2011-01-03,2023-12-20,
WEN,True,0.9994,5,0,0,0,False,2011-01-03,2023-12-20,
UNM,True,0.9994,5,0,0,0,False,2011-01-03,2023-12-20,
WEX,True,0.9994,5,0,0,0,False,2011-01-03,2023-12-20,
MT,True,0.9994,5,0,0,0,False,2011-01-03,2023-12-20,
HP,True,0.9994,5,0,0,0,False,2011-01-03,2023-12-20,
CPE,True,0.9994,5,0,0,0,False,2011-01-03,2023-12-20,
TTC,True,0.9994,5,0,0,0,False,2011-01-03,2023-12-20,
RPM,True,0.9994,5,0,0,0,False,2011-01-03,2023-12-20,
HOG,True,0.9994,5,0,0,0,False,2011-01-03,2023-12-20,
VOE,True,0.9994,5,0,0,0,False,2011-01-03,2023-12-20,
TECS,True,0.9994,5,0,0,0,False,2011-01-03,2023-12-20,
FMX,True,0.9994,5,0,0,0,False,2011-01-03,2023-12-20,
NNN,True,0.9997,4,0,1,1,True,2011-01-03,2023-12-20,
THO,True,0.9994,5,0,0,0,False,2011-01-03,2023-12-20,
HUN,True,0.9994,5,0,1,1,True,2011-01-03,2023-12-20,
AIZ,True,0.9994,5,0,0,0,False,2011-01-03,2023-12-20,
CNX,True,0.9994,5,0,0,0,False,2011-01-03,2023-12-20,
FRT,True,0.9994,5,0,0,0,False,2011-01-03,2023-12-20,
NWL,True,0.9994,5,0,0,0,False,2011-01-03,2023-12-20,
CLH,True,0.9994,5,0,0,0,False,2011-01-03,2023-12-20,
CHH,True,0.9994,5,0,0,0,False,2011-01-03,2023-12-20,
SPWR,True,0.9994,5,0,0,0,False,2011-01-03,2023-12-20,
FRO,True,0.9994,5,0,0,0,False,2011-01-03,2023-12-20,
UMC,True,0.9994,5,0,0,0,False,2011-01-03,2023-12-20,
ADC,True,0.9994,5,0,0,0,False,2011-01-03,2023-12-20,
BC,True,0.9994,5,0,0,0,False,2011-01-03,2023-12-20,
NDSN,True,0.9994,5,0,0,0,False,2011-01-03,2023-12-20,
CRI,True,0.9994,5,0,0,0,False,2011-01-03,2023-12-20,
UGI,True,0.9994,5,0,0,0,False,2011-01-03,2023-12-20,
CFR,True,0.9994,5,0,0,0,False,2011-01-03,2023-12-20,
BMO,True,0.9994,5,0,0,0,False,2011-01-03,2023-12-20,
NOG,True,0.9994,5,0,0,0,False,2011-01-03,2023-12-20,
NXST,True,0.9994,5,0,0,0,False,2011-01-03,2023-12-20,
URBN,True,0.9994,5,0,0,0,False,2011-01-03,2023-12-20,
RGLD,True,0.9994,5,0,0,0,False,2011-01-03,2023-12-20,
EXEL,True,0.9994,5,0,0,0,False,2011-01-03,2023-12-20,
PZZA,True,0.9994,5,0,0,0,False,2011-01-03,2023-12-20,
ABR,True,0.9994,5,0,0,0,False,2011-01-03,2023-12-20,
NVAX,True,0.9994,5,0,0,0,False,2011-01-03,2023-12-20,
WBS,True,0.9994,5,0,0,0,False,2011-01-03,2023-12-20,
CM,True,0.9994,5,0,0,0,False,2011-01-03,2023-12-20,
TRI,True,0.9994,5,0,0,0,False,2011-01-03,2023-12-20,
SYNA,True,0.9994,5,0,0,0,False,2011-01-03,2023-12-20,
ERIC,True,0.9994,5,0,0,0,False,2011-01-03,2023-12-20,
EXP,True,0.9994,5,0,0,0,False,2011-01-03,2023-12-20,
VBK,True,0.9994,5,0,0,0,False,2011-01-03,2023-12-20,
ATI,True,0.9994,5,0,0,0,False,2011-01-03,2023-12-20,
CMC,True,0.9994,5,0,0,0,False,2011-01-03,2023-12-20,
MTH,True,0.9994,5,0,0,0,False,2011-01-03,2023-12-20,
QGEN,True,0.9994,5,0,0,0,False,2011-01-03,2023-12-20,
EGP,True,0.9994,5,0,0,0,False,2011-01-03,2023-12-20,
CBRL,True,0.9994,5,0,0,0,False,2011-01-03,2023-12-20,
DDS,True,0.9994,5,0,0,0,False,2011-01-03,2023-12-20,
OGE,True,0.9994,5,0,0,0,False,2011-01-03,2023-12-20,
CACI,True,0.9994,5,0,0,0,False,2011-01-03,2023-12-20,
EVR,True,0.9994,5,0,0,0,False,2011-01-03,2023-12-20,
OLED,True,0.9994,5,0,0,0,False,2011-01-03,2023-12-20,
CHDN,True,0.9994,5,0,0,0,False,2011-01-03,2023-12-20,
TKR,True,0.9994,5,0,0,0,False,2011-01-03,2023-12-20,
HALO,True,0.9994,5,0,0,0,False,2011-01-03,2023-12-20,
TTEK,True,0.9994,5,0,0,0,False,2011-01-03,2023-12-20,
FR,True,0.9994,5,0,0,0,False,2011-01-03,2023-12-20,
TM,True,0.9994,5,0,0,0,False,2011-01-03,2023-12-20,
ERX,True,0.9994,5,0,0,0,False,2011-01-03,2023-12-20,
CRK,True,0.9994,5,0,0,0,False,2011-01-03,2023-12-20,
CNK,True,0.9994,5,0,0,0,False,2011-01-03,2023-12-20,
FIX,True,0.9994,5,0,0,0,False,2011-01-03,2023-12-20,
VC,True,0.9994,5,0,0,0,False,2011-01-03,2023-12-20,
AFG,True,0.9994,5,0,0,0,False,2011-01-03,2023-12-20,
ASH,True,0.9994,5,0,0,0,False,2011-01-03,2023-12-20,
ASX,True,0.9994,5,0,0,0,False,2011-01-03,2023-12-20,
ABEV,True,0.9994,5,0,0,0,False,2011-01-03,2023-12-20,
CALM,True,0.9994,5,0,0,0,False,2011-01-03,2023-12-20,
ALKS,True,0.9994,5,0,0,0,False,2011-01-03,2023-12-20,
POR,True,0.9994,5,0,0,0,False,2011-01-03,2023-12-20,
G,True,0.9994,5,0,0,0,False,2011-01-03,2023-12-20,
BAP,True,0.9994,5,0,0,0,False,2011-01-03,2023-12-20,
CGNX,True,0.9994,5,0,0,0,False,2011-01-03,2023-12-20,
VMI,True,0.9994,5,0,0,0,False,2011-01-03,2023-12-20,
CX,True,0.9994,5,0,0,0,False,2011-01-03,2023-12-20,
FCN,True,0.9994,5,0,0,0,False,2011-01-03,2023-12-20,
ING,True,0.9994,5,0,0,0,False,2011-01-03,2023-12-20,
FLO,True,0.9994,5,0,0,0,False,2011-01-03,2023-12-20,
HELE,True,0.9994,5,0,0,0,False,2011-01-03,2023-12-20,
ABG,True,0.9994,5,0,0,0,False,2011-01-03,2023-12-20,
DQ,True,0.9994,5,0,0,0,False,2011-01-03,2023-12-20,
COLB,True,0.9994,5,0,0,0,False,2011-01-03,2023-12-20,
KIE,True,0.9994,5,0,0,0,False,2011-01-03,2023-12-20,
HBI,True,0.9994,5,0,0,0,False,2011-01-03,2023-12-20,
CNMD,True,0.9994,5,0,0,0,False,2011-01-03,2023-12-20,
RHP,True,0.9994,5,0,0,0,False,2011-01-03,2023-12-20,
TDC,True,0.9994,5,0,0,0,False,2011-01-03,2023-12-20,
CHE,True,0.9994,5,0,0,0,False,2011-01-03,2023-12-20,
ACHC,True,0.9994,5,0,0,0,False,2011-01-03,2023-12-20,
KRC,True,0.9994,5,0,0,0,False,2011-01-03,2023-12-20,
GNTX,True,0.9994,5,0,0,0,False,2011-01-03,2023-12-20,
FN,True,0.9994,5,0,0,0,False,2011-01-03,2023-12-20,
CYTK,True,0.9994,5,0,0,0,False,2011-01-03,2023-12-20,
EAT,True,0.9994,5,0,0,0,False,2011-01-03,2023-12-20,
PNFP,True,0.9994,5,0,0,0,False,2011-01-03,2023-12-20,
MSM,True,0.9994,5,0,0,0,False,2011-01-03,2023-12-20,
WWD,True,0.9994,5,0,0,0,False,2011-01-03,2023-12-20,
QDEL,True,0.9994,5,0,0,0,False,2011-01-03,2023-12-20,
AEHR,True,0.9994,5,0,0,0,False,2011-01-03,2023-12-20,
EEFT,True,0.9994,5,0,0,0,False,2011-01-03,2023-12-20,
HL,True,0.9994,5,0,0,0,False,2011-01-03,2023-12-20,
CSIQ,True,0.9994,5,0,0,0,False,2011-01-03,2023-12-20,
GGB,True,0.9994,5,0,0,0,False,2011-01-03,2023-12-20,
AMG,True,0.9994,5,0,0,0,False,2011-01-03,2023-12-20,
DK,True,0.9994,5,0,0,0,False,2011-01-03,2023-12-20,
WTFC,True,0.9994,5,0,0,0,False,2011-01-03,2023-12-20,
INGR,True,0.9994,5,0,0,0,False,2011-01-03,2023-12-20,
VLY,True,0.9994,5,0,0,0,False,2011-01-03,2023-12-20,
AG,True,0.9994,5,0,0,0,False,2011-01-03,2023-12-20,
AMED,True,0.9994,5,0,0,0,False,2011-01-03,2023-12-20,
AGI,True,0.9994,5,0,0,0,False,2011-01-03,2023-12-20,
MORN,True,0.9994,5,0,0,0,False,2011-01-03,2023-12-20,
CUZ,True,0.9994,5,0,1,1,True,2011-01-03,2023-12-20,
DY,True,0.9994,5,0,0,0,False,2011-01-03,2023-12-20,
FAF,True,0.9994,5,0,0,0,False,2011-01-03,2023-12-20,
MTG,True,0.9994,5,0,0,0,False,2011-01-03,2023-12-20,
AMX,True,0.9994,5,0,0,0,False,2011-01-03,2023-12-20,
ACAD,True,0.9994,5,0,0,0,False,2011-01-03,2023-12-20,
RDN,True,0.9994,5,0,0,0,False,2011-01-03,2023-12-20,
ARR,True,0.9994,5,0,0,0,False,2011-01-03,2023-12-20,
BECN,True,0.9994,5,0,0,0,False,2011-01-03,2023-12-20,
TRNO,True,0.9994,5,0,0,0,False,2011-01-03,2023-12-20,
DB,True,0.9994,5,0,0,0,False,2011-01-03,2023-12-20,
CPG,True,0.9997,4,0,1,1,True,2011-01-03,2023-12-20,
CAKE,True,0.9994,5,0,0,0,False,2011-01-03,2023-12-20,
NSIT,True,0.9994,5,0,0,0,False,2011-01-03,2023-12-20,
FLS,True,0.9994,5,0,0,0,False,2011-01-03,2023-12-20,
ATR,True,0.9994,5,0,0,0,False,2011-01-03,2023-12-20,
AIT,True,0.9994,5,0,0,0,False,2011-01-03,2023-12-20,
EXLS,True,0.9994,5,0,0,0,False,2011-01-03,2023-12-20,
ARCB,True,0.9994,5,0,0,0,False,2011-01-03,2023-12-20,
LEG,True,0.9994,5,0,0,0,False,2011-01-03,2023-12-20,
ASB,True,0.9994,5,0,0,0,False,2011-01-03,2023-12-20,
DLB,True,0.9994,5,0,0,0,False,2011-01-03,2023-12-20,
POWI,True,0.9994,5,0,0,0,False,2011-01-03,2023-12-20,
ARWR,True,0.9994,5,0,0,0,False,2011-01-03,2023-12-20,
WW,True,0.9994,5,0,0,0,False,2011-01-03,2023-12-20,
ONB,True,0.9994,5,0,0,0,False,2011-01-03,2023-12-20,
COLM,True,0.9994,5,0,0,0,False,2011-01-03,2023-12-20,
SWX,True,0.9994,5,0,0,0,False,2011-01-03,2023-12-20,
CALX,True,0.9994,5,0,0,0,False,2011-01-03,2023-12-20,
WGO,True,0.9994,5,0,0,0,False,2011-01-03,2023-12-20,
CBSH,True,0.9994,5,0,0,0,False,2011-01-03,2023-12-20,
AEL,True,0.9994,5,0,0,0,False,2011-01-03,2023-12-20,
FOLD,True,0.9994,5,0,0,0,False,2011-01-03,2023-12-20,
UFPI,True,0.9994,5,0,0,0,False,2011-01-03,2023-12-20,
BKH,True,0.9994,5,0,0,0,False,2011-01-03,2023-12-20,
PRI,True,0.9994,5,0,0,0,False,2011-01-03,2023-12-20,
AWI,True,0.9994,5,0,0,0,False,2011-01-03,2023-12-20,
KEX,True,0.9994,5,0,0,0,False,2011-01-03,2023-12-20,
HAE,True,0.9994,5,0,0,0,False,2011-01-03,2023-12-20,
BOH,True,0.9994,5,0,0,0,False,2011-01-03,2023-12-20,
HIW,True,0.9994,5,0,0,0,False,2011-01-03,2023-12-20,
FNB,True,0.9994,5,0,0,0,False,2011-01-03,2023-12-20,
IART,True,0.9994,5,0,0,0,False,2011-01-03,2023-12-20,
PNM,True,0.9994,5,0,0,0,False,2011-01-03,2023-12-20,
AAON,True,0.9994,5,0,0,0,False,2011-01-03,2023-12-20,
FCEL,True,0.9994,5,0,0,0,False,2011-01-03,2023-12-20,
TSEM,True,0.9994,5,0,0,0,False,2011-01-03,2023-12-20,
ERIE,True,0.9994,5,0,0,0,False,2011-01-03,2023-12-20,
MMS,True,0.9994,5,0,0,0,False,2011-01-03,2023-12-20,
ENSG,True,0.9994,5,0,0,0,False,2011-01-03,2023-12-20,
DCI,True,0.9994,5,0,0,0,False,2011-01-03,2023-12-20,
NSP,True,0.9994,5,0,0,0,False,2011-01-03,2023-12-20,
RLI,True,0.9994,5,0,0,0,False,2011-01-03,2023-12-20,
WERN,True,0.9994,5,0,0,0,False,2011-01-03,2023-12-20,
AMKR,True,0.9994,5,0,0,0,False,2011-01-03,2023-12-20,
ENLC,True,0.9994,5,0,0,0,False,2011-01-03,2023-12-20,
UEC,True,0.9994,5,0,0,0,False,2011-01-03,2023-12-20,
EPR,True,0.9994,5,0,0,0,False,2011-01-03,2023-12-20,
VSH,True,0.9994,5,0,0,0,False,2011-01-03,2023-12-20,
PDCO,True,0.9994,5,0,0,0,False,2011-01-03,2023-12-20,
COKE,True,0.9994,5,0,0,0,False,2011-01-03,2023-12-20,
FUL,True,0.9994,5,0,0,0,False,2011-01-03,2023-12-20,
AGQ,True,0.9994,5,0,0,0,False,2011-01-03,2023-12-20,
HPP,True,0.9994,5,0,0,0,False,2011-01-03,2023-12-20,
ROG,True,0.9994,5,0,0,0,False,2011-01-03,2023-12-20,
UBSI,True,0.9994,5,0,0,0,False,2011-01-03,2023-12-20,
BDC,True,0.9994,5,0,0,0,False,2011-01-03,2023-12-20,
GBCI,True,0.9994,5,0,0,0,False,2011-01-03,2023-12-20,
ASGN,True,0.9994,5,0,0,0,False,2011-01-03,2023-12-20,
OI,True,0.9994,5,0,0,0,False,2011-01-03,2023-12-20,
ENS,True,0.9994,5,0,0,0,False,2011-01-03,2023-12-20,
THG,True,0.9994,5,0,0,0,False,2011-01-03,2023-12-20,
CBT,True,0.9994,5,0,0,0,False,2011-01-03,2023-12-20,
CRS,True,0.9994,5,0,0,0,False,2011-01-03,2023-12-20,
MMSI,True,0.9994,5,0,0,0,False,2011-01-03,2023-12-20,
HLF,True,0.9994,5,0,0,0,False,2011-01-03,2023-12-20,
GLNG,True,0.9994,5,0,0,0,False,2011-01-03,2023-12-20,
EQC,True,0.9994,5,0,0,0,False,2011-01-03,2023-12-20,
HE,True,0.9994,5,0,0,0,False,2011-01-03,2023-12-20,
FWRD,True,0.9994,5,0,0,0,False,2011-01-03,2023-12-20,
CCOI,True,0.9994,5,0,0,0,False,2011-01-03,2023-12-20,
WTS,True,0.9994,5,0,0,0,False,2011-01-03,2023-12-20,
ERJ,True,0.9994,5,0,0,0,False,2011-01-03,2023-12-20,
BMI,True,0.9994,5,0,0,0,False,2011-01-03,2023-12-20,
DIOD,True,0.9994,5,0,0,0,False,2011-01-03,2023-12-20,
ALGT,True,0.9994,5,0,0,0,False,2011-01-03,2023-12-20,
PPC,True,0.9994,5,0,0,0,False,2011-01-03,2023-12-20,
AEIS,True,0.9994,5,0,0,0,False,2011-01-03,2023-12-20,
OTEX,True,0.9994,5,0,0,0,False,2011-01-03,2023-12-20,
EXPO,True,0.9994,5,0,0,0,False,2011-01-03,2023-12-20,
NWE,True,0.9994,5,0,0,0,False,2011-01-03,2023-12-20,
ERF,True,0.9994,5,0,0,0,False,2011-01-03,2023-12-20,
FCFS,True,0.9994,5,0,0,0,False,2011-01-03,2023-12-20,
CUK,True,0.9994,5,0,0,0,False,2011-01-03,2023-12-20,
MOD,True,0.9994,5,0,0,0,False,2011-01-03,2023-12-20,
PCH,True,0.9994,5,0,0,0,False,2011-01-03,2023-12-20,
HUBG,True,0.9994,5,0,0,0,False,2011-01-03,2023-12-20,
CVLT,True,0.9994,5,0,0,0,False,2011-01-03,2023-12-20,
OII,True,0.9994,5,0,0,0,False,2011-01-03,2023-12-20,
FIBK,True,0.9994,5,0,0,0,False,2011-01-03,2023-12-20,
CNO,True,0.9994,5,0,0,0,False,2011-01-03,2023-12-20,
ATEC,True,0.9994,5,0,0,0,False,2011-01-03,2023-12-20,
DVAX,True,0.9994,5,0,0,0,False,2011-01-03,2023-12-20,
WDFC,True,0.9994,5,0,0,0,False,2011-01-03,2023-12-20,
ENR,True,0.9994,5,0,0,0,False,2011-01-03,2023-12-20,
VET,True,0.9994,5,0,0,0,False,2011-01-03,2023-12-20,
MXL,True,0.9994,5,0,0,0,False,2011-01-03,2023-12-20,
ALE,True,0.9994,5,0,0,0,False,2011-01-03,2023-12-20,
GEO,True,0.9994,5,0,0,0,False,2011-01-03,2023-12-20,
DAN,True,0.9994,5,0,0,0,False,2011-01-03,2023-12-20,
TNK,True,0.9994,5,0,0,0,False,2011-01-03,2023-12-20,
KMPR,True,0.9994,5,0,0,0,False,2011-01-03,2023-12-20,
GES,True,0.9994,5,0,0,0,False,2011-01-03,2023-12-20,
GFF,True,0.9994,5,0,0,0,False,2011-01-03,2023-12-20,
ABM,True,0.9994,5,0,0,0,False,2011-01-03,2023-12-20,
PRGS,True,0.9994,5,0,0,0,False,2011-01-03,2023-12-20,
DRV,True,0.9994,5,0,0,0,False,2011-01-03,2023-12-20,
GIL,True,0.9994,5,0,0,0,False,2011-01-03,2023-12-20,
CDE,True,0.9994,5,0,0,0,False,2011-01-03,2023-12-20,
THS,True,0.9994,5,0,0,0,False,2011-01-03,2023-12-20,
GRBK,True,0.9994,5,0,0,0,False,2011-01-03,2023-12-20,
HTGC,True,0.9994,5,0,0,0,False,2011-01-03,2023-12-20,
UCBI,True,0.9994,5,0,0,0,False,2011-01-03,2023-12-20,
ECH,True,0.9994,5,0,0,0,False,2011-01-03,2023-12-20,
PLCE,True,0.9994,5,0,0,0,False,2011-01-03,2023-12-20,
FBP,True,0.9994,5,0,0,0,False,2011-01-03,2023-12-20,
EGO,True,0.9994,5,0,0,0,False,2011-01-03,2023-12-20,
PKX,True,0.9994,5,0,0,0,False,2011-01-03,2023-12-20,
FULT,True,0.9994,5,0,0,0,False,2011-01-03,2023-12-20,
BTE,True,0.9994,5,0,0,0,False,2011-01-03,2023-12-20,
AMRC,True,0.9994,5,0,0,0,False,2011-01-03,2023-12-20,
TROX,True,0.9994,5,0,0,0,False,2011-01-03,2023-12-20,
WNS,True,0.9994,5,0,0,0,False,2011-01-03,2023-12-20,
BOKF,True,0.9994,5,0,0,0,False,2011-01-03,2023-12-20,
NEU,True,0.9994,5,0,0,0,False,2011-01-03,2023-12-20,
ODP,True,0.9994,5,0,0,0,False,2011-01-03,2023-12-20,
BRC,True,0.9994,5,0,0,0,False,2011-01-03,2023-12-20,
ACIW,True,0.9994,5,0,0,0,False,2011-01-03,2023-12-20,
HIBB,True,0.9994,5,0,0,0,False,2011-01-03,2023-12-20,
FFIN,True,0.9994,5,0,0,0,False,2011-01-03,2023-12-20,
MRCY,True,0.9994,5,0,0,0,False,2011-01-03,2023-12-20,
ROIC,True,0.9994,5,0,0,0,False,2011-01-03,2023-12-20,
PBH,True,0.9994,5,0,0,0,False,2011-01-03,2023-12-20,
RCI,True,0.9994,5,0,0,0,False,2011-01-03,2023-12-20,
VRNT,True,0.9994,5,0,0,0,False,2011-01-03,2023-12-20,
NUS,True,0.9994,5,0,0,0,False,2011-01-03,2023-12-20,
DIN,True,0.9994,5,0,0,0,False,2011-01-03,2023-12-20,
NEO,True,0.9994,5,0,0,0,False,2011-01-03,2023-12-20,
AGO,True,0.9994,5,0,0,0,False,2011-01-03,2023-12-20,
BCO,True,0.9994,5,0,0,0,False,2011-01-03,2023-12-20,
TWO,True,0.9994,5,0,0,0,False,2011-01-03,2023-12-20,
PUK,True,0.9994,5,0,0,0,False,2011-01-03,2023-12-20,
XSD,True,0.9994,5,0,0,0,False,2011-01-03,2023-12-20,
WTM,True,0.9994,5,0,0,0,False,2011-01-03,2023-12-20,
CLS,True,0.9994,5,0,0,0,False,2011-01-03,2023-12-20,
KFY,True,0.9994,5,0,0,0,False,2011-01-03,2023-12-20,
BKE,True,0.9994,5,0,0,0,False,2011-01-03,2023-12-20,
FORM,True,0.9994,5,0,0,0,False,2011-01-03,2023-12-20,
ATRC,True,0.9994,5,0,0,0,False,2011-01-03,2023-12-20,
BIG,True,0.9994,5,0,0,0,False,2011-01-03,2023-12-20,
PRFT,True,0.9994,5,0,0,0,False,2011-01-03,2023-12-20,
FELE,True,0.9994,5,0,0,0,False,2011-01-03,2023-12-20,
BNO,True,0.9994,5,0,0,0,False,2011-01-03,2023-12-20,
WAFD,True,0.9994,5,0,0,0,False,2011-01-03,2023-12-20,
CWT,True,0.9994,5,0,0,0,False,2011-01-03,2023-12-20,
MMYT,True,0.9994,5,0,0,0,False,2011-01-03,2023-12-20,
HA,True,0.9994,5,0,0,0,False,2011-01-03,2023-12-20,
INDB,True,0.9994,5,0,0,0,False,2011-01-03,2023-12-20,
MYRG,True,0.9994,5,0,0,0,False,2011-01-03,2023-12-20,
DEM,True,0.9994,5,0,0,0,False,2011-01-03,2023-12-20,
OMI,True,0.9994,5,0,0,0,False,2011-01-03,2023-12-20,
BIP,True,0.9994,5,0,0,0,False,2011-01-03,2023-12-20,
GERN,True,0.9994,5,0,0,0,False,2011-01-03,2023-12-20,
HI,True,0.9994,5,0,0,0,False,2011-01-03,2023-12-20,
UUUU,True,0.9994,5,0,0,0,False,2011-01-03,2023-12-20,
WWW,True,0.9994,5,0,0,0,False,2011-01-03,2023-12-20,
MNRO,True,0.9994,5,0,0,0,False,2011-01-03,2023-12-20,
BGS,True,0.9994,5,0,0,0,False,2011-01-03,2023-12-20,
PEGA,True,0.9994,5,0,0,0,False,2011-01-03,2023-12-20,
PRMW,True,0.9994,5,0,0,0,False,2011-01-03,2023-12-20,
NVMI,True,0.9994,5,0,0,0,False,2011-01-03,2023-12-20,
HAIN,True,0.9994,5,0,0,0,False,2011-01-03,2023-12-20,
AIN,True,0.9994,5,0,0,0,False,2011-01-03,2023-12-20,
DOOR,True,0.9994,5,0,0,0,False,2011-01-03,2023-12-20,
VIV,True,0.9994,5,0,0,0,False,2011-01-03,2023-12-20,
WNC,True,0.9994,5,0,0,0,False,2011-01-03,2023-12-20,
GVA,True,0.9994,5,0,0,0,False,2011-01-03,2023-12-20,
DDD,True,0.9994,5,0,0,0,False,2011-01-03,2023-12-20,
BCPC,True,0.9994,5,0,0,0,False,2011-01-03,2023-12-20,
DBA,True,0.9994,5,0,0,0,False,2011-01-03,2023-12-20,
INFN,True,0.9994,5,0,0,0,False,2011-01-03,2023-12-20,
CCRN,True,0.9994,5,0,0,0,False,2011-01-03,2023-12-20,
WOR,True,0.9994,5,0,0,0,False,2011-01-03,2023-12-20,
MNKD,True,0.9994,5,0,0,0,False,2011-01-03,2023-12-20,
MWA,True,0.9994,5,0,0,0,False,2011-01-03,2023-12-20,
ERY,True,0.9994,5,0,0,0,False,2011-01-03,2023-12-20,
RDNT,True,0.9994,5,0,0,0,False,2011-01-03,2023-12-20,
CATY,True,0.9994,5,0,0,0,False,2011-01-03,2023-12-20,
EUFN,True,0.9994,5,0,0,0,False,2011-01-03,2023-12-20,
NSSC,True,0.9994,5,0,0,0,False,2011-01-03,2023-12-20,
DX,True,0.9994,5,0,0,0,False,2011-01-03,2023-12-20,
KTOS,True,0.9994,5,0,0,0,False,2011-01-03,2023-12-20,
FSM,True,0.9994,5,0,0,0,False,2011-01-03,2023-12-20,
HBM,True,0.9994,5,0,0,0,False,2011-01-03,2023-12-20,
MYGN,True,0.9994,5,0,0,0,False,2011-01-03,2023-12-20,
FMS,True,0.9994,5,0,0,0,False,2011-01-03,2023-12-20,
PRF,True,0.9994,5,0,0,0,False,2011-01-03,2023-12-20,
TBBK,True,0.9994,5,0,0,0,False,2011-01-03,2023-12-20,
AIR,True,0.9994,5,0,0,0,False,2011-01-03,2023-12-20,
CENX,True,0.9994,5,0,0,0,False,2011-01-03,2023-12-20,
CMP,True,0.9994,5,0,0,0,False,2011-01-03,2023-12-20,
IAG,True,0.9994,5,0,0,0,False,2011-01-03,2023-12-20,
NAT,True,0.9994,5,0,0,0,False,2011-01-03,2023-12-20,
CHS,True,0.9994,5,0,0,0,False,2011-01-03,2023-12-20,
LNN,True,0.9994,5,0,0,0,False,2011-01-03,2023-12-20,
WTI,True,0.9994,5,0,0,0,False,2011-01-03,2023-12-20,
AGYS,True,0.9994,5,0,0,0,False,2011-01-03,2023-12-20,
PLAB,True,0.9994,5,0,0,0,False,2011-01-03,2023-12-20,
UFPT,True,0.9994,5,0,0,0,False,2011-01-03,2023-12-20,
NPO,True,0.9994,5,0,0,0,False,2011-01-03,2023-12-20,
GSL,True,0.9994,5,0,0,0,False,2011-01-03,2023-12-20,
AB,True,0.9994,5,0,0,0,False,2011-01-03,2023-12-20,
ARI,True,0.9994,5,0,0,0,False,2011-01-03,2023-12-20,
VCEL,True,0.9994,5,0,0,0,False,2011-01-03,2023-12-20,
HURN,True,0.9994,5,0,0,0,False,2011-01-03,2023-12-20,
RUSHA,True,0.9994,5,0,0,0,False,2011-01-03,2023-12-20,
BVN,True,0.9994,5,0,0,0,False,2011-01-03,2023-12-20,
GIII,True,0.9994,5,0,0,0,False,2011-01-03,2023-12-20,
OSIS,True,0.9994,5,0,0,0,False,2011-01-03,2023-12-20,
HEES,True,0.9994,5,0,0,0,False,2011-01-03,2023-12-20,
EFC,True,0.9994,5,0,0,0,False,2011-01-03,2023-12-20,
EBS,True,0.9994,5,0,0,0,False,2011-01-03,2023-12-20,
AKR,True,0.9994,5,0,0,0,False,2011-01-03,2023-12-20,
GHC,True,0.9994,5,0,0,0,False,2011-01-03,2023-12-20,
CPK,True,0.9994,5,0,0,0,False,2011-01-03,2023-12-20,
PATK,True,0.9994,5,0,0,0,False,2011-01-03,2023-12-20,
BJRI,True,0.9994,5,0,0,0,False,2011-01-03,2023-12-20,
CLFD,True,0.9994,5,0,0,0,False,2011-01-03,2023-12-20,
NHI,True,0.9994,5,0,0,0,False,2011-01-03,2023-12-20,
ATSG,True,0.9994,5,0,0,0,False,2011-01-03,2023-12-20,
MTRN,True,0.9994,5,0,0,0,False,2011-01-03,2023-12-20,
VRTS,True,0.9994,5,0,0,0,False,2011-01-03,2023-12-20,
HTH,True,0.9994,5,0,0,0,False,2011-01-03,2023-12-20,
BANC,True,0.9994,5,0,0,0,False,2011-01-03,2023-12-20,
EGLE,True,0.9994,5,0,0,0,False,2011-01-03,2023-12-20,
GEF,True,0.9994,5,0,0,0,False,2011-01-03,2023-12-20,
ANDE,True,0.9994,5,0,0,0,False,2011-01-03,2023-12-20,
GBX,True,0.9994,5,0,0,0,False,2011-01-03,2023-12-20,
CASH,True,0.9994,5,0,0,0,False,2011-01-03,2023-12-20,
PPA,True,0.9994,5,0,0,0,False,2011-01-03,2023-12-20,
XES,True,0.9994,5,0,0,0,False,2011-01-03,2023-12-20,
PRO,True,0.9994,5,0,0,0,False,2011-01-03,2023-12-20,
TRN,True,0.9994,5,0,0,0,False,2011-01-03,2023-12-20,
ARLP,True,0.9994,5,0,0,0,False,2011-01-03,2023-12-20,
TV,True,0.9994,5,0,0,0,False,2011-01-03,2023-12-20,
CXW,True,0.9994,5,0,0,0,False,2011-01-03,2023-12-20,
ALG,True,0.9994,5,0,0,0,False,2011-01-03,2023-12-20,
CNS,True,0.9994,5,0,0,0,False,2011-01-03,2023-12-20,
ESGR,True,0.9994,5,0,0,0,False,2011-01-03,2023-12-20,
BRFS,True,0.9994,5,0,0,0,False,2011-01-03,2023-12-20,
TGH,True,0.9994,5,0,0,0,False,2011-01-03,2023-12-20,
PRIM,True,0.9994,5,0,0,0,False,2011-01-03,2023-12-20,
DLN,True,0.9994,5,0,0,0,False,2011-01-03,2023-12-20,
BBVA,True,0.9994,5,0,0,0,False,2011-01-03,2023-12-20,
THRM,True,0.9994,5,0,0,0,False,2011-01-03,2023-12-20,
BEP,True,0.9994,5,0,1,1,True,2011-01-03,2023-12-20,
NEA,True,0.9994,5,0,0,0,False,2011-01-03,2023-12-20,
HCSG,True,0.9994,5,0,0,0,False,2011-01-03,2023-12-20,
GBDC,True,0.9994,5,0,0,0,False,2011-01-03,2023-12-20,
PFS,True,0.9994,5,0,0,0,False,2011-01-03,2023-12-20,
CIG,True,0.9994,5,0,0,0,False,2011-01-03,2023-12-20,
VNM,True,0.9994,5,0,0,0,False,2011-01-03,2023-12-20,
WIT,True,0.9994,5,0,0,0,False,2011-01-03,2023-12-20,
PEY,True,0.9994,5,0,0,0,False,2011-01-03,2023-12-20,
EBR,True,0.9994,5,0,0,0,False,2011-01-03,2023-12-20,
ERII,True,0.9994,5,0,0,0,False,2011-01-03,2023-12-20,
PAR,True,0.9994,5,0,0,0,False,2011-01-03,2023-12-20,
COHU,True,0.9994,5,0,0,0,False,2011-01-03,2023-12-20,
ECPG,True,0.9994,5,0,0,0,False,2011-01-03,2023-12-20,
DGII,True,0.9994,5,0,0,0,False,2011-01-03,2023-12-20,
BZH,True,0.9994,5,0,0,0,False,2011-01-03,2023-12-20,
ESE,True,0.9994,5,0,0,0,False,2011-01-03,2023-12-20,
E,True,0.9994,5,0,0,0,False,2011-01-03,2023-12-20,
PPH,True,0.9994,5,0,0,0,False,2011-01-03,2023-12-20,
ICF,True,0.9994,5,0,0,0,False,2011-01-03,2023-12-20,
DBO,True,0.9994,5,0,0,0,False,2011-01-03,2023-12-20,
B,True,0.9994,5,0,0,0,False,2011-01-03,2023-12-20,
AIV,True,0.9994,5,0,0,0,False,2011-01-03,2023-12-20,
CLNE,True,0.9994,5,0,0,0,False,2011-01-03,2023-12-20,
TX,True,0.9994,5,0,0,0,False,2011-01-03,2023-12-20,
CQP,True,0.9994,5,0,0,0,False,2011-01-03,2023-12-20,
AGM,True,0.9994,5,0,0,0,False,2011-01-03,2023-12-20,
DAC,True,0.9994,5,0,0,0,False,2011-01-03,2023-12-20,
ADTN,True,0.9994,5,0,0,0,False,2011-01-03,2023-12-20,
CLB,True,0.9994,5,0,0,0,False,2011-01-03,2023-12-20,
EBIX,True,0.9994,5,0,0,0,False,2011-01-03,2023-12-20,
CIB,True,0.9994,5,0,0,0,False,2011-01-03,2023-12-20,
NWBI,True,0.9994,5,0,0,0,False,2011-01-03,2023-12-20,
TTMI,True,0.9994,5,0,0,0,False,2011-01-03,2023-12-20,
USM,True,0.9994,5,0,0,0,False,2011-01-03,2023-12-20,
NAD,True,0.9994,5,0,0,0,False,2011-01-03,2023-12-20,
TTGT,True,0.9994,5,0,0,0,False,2011-01-03,2023-12-20,
EGBN,True,0.9994,5,0,0,0,False,2011-01-03,2023-12-20,
AGEN,True,0.9994,5,0,0,0,False,2011-01-03,2023-12-20,
FUN,True,0.9994,5,0,0,0,False,2011-01-03,2023-12-20,
AMWD,True,0.9994,5,0,0,0,False,2011-01-03,2023-12-20,
AEG,True,0.9994,5,0,0,0,False,2011-01-03,2023-12-20,
AMJ,True,0.9994,5,0,0,0,False,2011-01-03,2023-12-20,
NS,True,0.9994,5,0,0,0,False,2011-01-03,2023-12-20,
PRAA,True,0.9994,5,0,0,0,False,2011-01-03,2023-12-20,
FCG,True,0.9994,5,0,0,0,False,2011-01-03,2023-12-20,
FIZZ,True,0.9994,5,0,0,0,False,2011-01-03,2023-12-20,
DON,True,0.9994,5,0,0,0,False,2011-01-03,2023-12-20,
HNI,True,0.9994,5,0,0,0,False,2011-01-03,2023-12-20,
DNN,True,0.9994,5,0,0,0,False,2011-01-03,2023-12-20,
MSEX,True,0.9994,5,0,0,0,False,2011-01-03,2023-12-20,
CTS,True,0.9994,5,0,0,0,False,2011-01-03,2023-12-20,
BXC,True,0.9994,5,0,0,0,False,2011-01-03,2023-12-20,
TRMK,True,0.9994,5,0,0,0,False,2011-01-03,2023-12-20,
NVG,True,0.9994,5,0,0,0,False,2011-01-03,2023-12-20,
UGL,True,0.9994,5,0,0,0,False,2011-01-03,2023-12-20,
TITN,True,0.9994,5,0,0,0,False,2011-01-03,2023-12-20,
FFBC,True,0.9994,5,0,0,0,False,2011-01-03,2023-12-20,
BAK,True,0.9994,5,0,0,0,False,2011-01-03,2023-12-20,
CNA,True,0.9994,5,0,0,0,False,2011-01-03,2023-12-20,
PDFS,True,0.9994,5,0,0,0,False,2011-01-03,2023-12-20,
NBTB,True,0.9994,5,0,0,0,False,2011-01-03,2023-12-20,
FRME,True,0.9994,5,0,0,0,False,2011-01-03,2023-12-20,
PAM,True,0.9994,5,0,0,0,False,2011-01-03,2023-12-20,
CRMT,True,0.9994,5,0,0,0,False,2011-01-03,2023-12-20,
CAMT,True,0.9994,5,0,0,0,False,2011-01-03,2023-12-20,
UVV,True,0.9994,5,0,0,0,False,2011-01-03,2023-12-20,
GCO,True,0.9994,5,0,0,0,False,2011-01-03,2023-12-20,
DRQ,True,0.9994,5,0,0,0,False,2011-01-03,2023-12-20,
APOG,True,0.9994,5,0,0,0,False,2011-01-03,2023-12-20,
OFG,True,0.9994,5,0,0,0,False,2011-01-03,2023-12-20,
NZF,True,0.9994,5,0,0,0,False,2011-01-03,2023-12-20,
HTLF,True,0.9994,5,0,0,0,False,2011-01-03,2023-12-20,
LEU,True,0.9994,5,0,0,0,False,2011-01-03,2023-12-20,
CYH,True,0.9994,5,0,0,0,False,2011-01-03,2023-12-20,
FXO,True,0.9994,5,0,0,0,False,2011-01-03,2023-12-20,
NG,True,0.9994,5,0,0,0,False,2011-01-03,2023-12-20,
BBW,True,0.9994,5,0,0,0,False,2011-01-03,2023-12-20,
RGR,True,0.9994,5,0,0,0,False,2011-01-03,2023-12-20,
ANIP,True,0.9994,5,0,0,0,False,2011-01-03,2023-12-20,
TNP,True,0.9994,5,0,0,0,False,2011-01-03,2023-12-20,
NYMT,True,0.9994,5,0,0,0,False,2011-01-03,2023-12-20,
FXH,True,0.9994,5,0,0,0,False,2011-01-03,2023-12-20,
TREE,True,0.9994,5,0,0,0,False,2011-01-03,2023-12-20,
DENN,True,0.9994,5,0,0,0,False,2011-01-03,2023-12-20,
RDUS,True,0.9994,5,0,0,0,False,2011-01-03,2023-12-20,
POWL,True,0.9994,5,0,0,0,False,2011-01-03,2023-12-20,
EGHT,True,0.9994,5,0,0,0,False,2011-01-03,2023-12-20,
TTEC,True,0.9994,5,0,0,0,False,2011-01-03,2023-12-20,
PLUS,True,0.9994,5,0,0,0,False,2011-01-03,2023-12-20,
SPTN,True,0.9994,5,0,0,0,False,2011-01-03,2023-12-20,
HIMX,True,0.9994,5,0,0,0,False,2011-01-03,2023-12-20,
WRLD,True,0.9994,5,0,0,0,False,2011-01-03,2023-12-20,
OFIX,True,0.9994,5,0,0,0,False,2011-01-03,2023-12-20,
MVIS,True,0.9994,5,0,0,0,False,2011-01-03,2023-12-20,
